,time,team,towers,team_gold,team_kills,top_kill,top_death,top_assist,top_gold,jungle_kill,jungle_death,jungle_assist,jungle_gold,mid_kill,mid_death,mid_assist,mid_gold,bot_kill,bot_death,bot_assist,bot_gold,supp_kill,supp_death,supp_assist,supp_gold
36,36,TF,0,3300,0,0,0,0,628,0,0,0,563,0,0,0,773,0,0,0,693,0,0,0,628
36,36,T1,0,3300,0,0,0,0,628,0,0,0,682,0,0,0,733,0,0,0,693,0,0,0,628
37,37,TF,0,3300,0,0,0,0,631,0,0,0,566,0,0,0,776,0,0,0,696,0,0,0,631
37,37,T1,0,3400,0,0,0,0,631,0,0,0,686,0,0,0,736,0,0,0,696,0,0,0,631
38,38,TF,0,3300,0,0,0,0,635,0,0,0,570,0,0,0,780,0,0,0,700,0,0,0,635
38,38,T1,0,3400,0,0,0,0,635,0,0,0,689,0,0,0,780,0,0,0,740,0,0,0,655
39,39,TF,0,3300,0,0,0,0,635,0,0,0,370,0,0,0,780,0,0,0,700,0,0,0,635
39,39,T1,0,3500,0,0,0,0,635,0,0,0,713,0,0,0,780,0,0,0,780,0,0,0,675
41,41,TF,0,3400,0,0,0,0,645,0,0,0,736,0,0,0,790,0,0,0,710,0,0,0,645
41,41,T1,0,3600,0,0,0,0,710,0,0,0,760,0,0,0,790,0,0,0,790,0,0,0,685
42,42,TF,0,3500,0,0,0,0,645,0,0,0,736,0,0,0,790,0,0,0,710,0,0,0,645
42,42,T1,0,3700,0,0,0,0,710,0,0,0,784,0,0,0,790,0,0,0,790,0,0,0,685
43,43,TF,0,3500,0,0,0,0,649,0,0,0,739,0,0,0,794,0,0,0,754,0,0,0,669
43,43,T1,0,3700,0,0,0,0,729,0,0,0,799,0,0,0,794,0,0,0,794,0,0,0,689
44,44,TF,0,3600,0,0,0,0,656,0,0,0,746,0,0,0,801,0,0,0,768,0,0,0,683
44,44,T1,0,3800,0,0,0,0,736,0,0,0,806,0,0,0,801,0,0,0,801,0,0,0,696
45,45,TF,0,3700,0,0,0,0,659,0,0,0,730,0,0,0,804,0,0,0,772,0,0,0,687
45,45,T1,0,3800,0,0,0,0,740,0,0,0,810,0,0,0,804,0,0,0,804,0,0,0,699
46,46,TF,0,3700,0,0,0,0,704,0,0,0,730,0,0,0,869,0,0,0,772,0,0,0,687
46,46,T1,0,3800,0,0,0,0,740,0,0,0,810,0,0,0,804,0,0,0,804,0,0,0,699
47,47,TF,0,3800,0,0,0,0,711,0,0,0,757,0,0,0,876,0,0,0,779,0,0,0,694
47,47,T1,0,3900,0,0,0,0,747,0,0,0,817,0,0,0,811,0,0,0,811,0,0,0,706
48,48,TF,0,3800,0,0,0,0,715,0,0,0,760,0,0,0,880,0,0,0,782,0,0,0,697
48,48,T1,0,3900,0,0,0,0,750,0,0,0,820,0,0,0,815,0,0,0,815,0,0,0,710
49,49,TF,0,3800,0,0,0,0,715,0,0,0,760,0,0,0,880,0,0,0,782,0,0,0,697
49,49,T1,0,3900,0,0,0,0,790,0,0,0,820,0,0,0,880,0,0,0,815,0,0,0,710
50,50,TF,0,3800,0,0,0,0,744,0,0,0,764,0,0,0,948,0,0,0,786,0,0,0,701
50,50,T1,0,3900,0,0,0,0,794,0,0,0,824,0,0,0,883,0,0,0,818,0,0,0,713
51,51,TF,0,4000,0,0,0,0,71,0,0,0,7,0,0,0,955,0,0,0,793,0,0,0,708
51,51,T1,0,4000,0,0,0,0,801,0,0,0,831,0,0,0,890,0,0,0,825,0,0,0,720
52,52,TF,0,4000,0,0,0,0,754,0,0,0,774,0,0,0,959,0,0,0,796,0,0,0,711
52,52,T1,0,4100,0,0,0,0,804,0,0,0,834,0,0,0,959,0,0,0,829,0,0,0,724
53,53,TF,0,4000,0,0,0,0,754,0,0,0,798,0,0,0,999,0,0,0,796,0,0,0,711
53,53,T1,0,4100,0,0,0,0,804,0,0,0,834,0,0,0,959,0,0,0,829,0,0,0,724
54,54,TF,0,4100,0,0,0,0,761,0,0,0,877,0,0,0,1046,0,0,0,868,0,0,0,7351
54,54,T1,0,4200,0,0,0,0,876,0,0,0,841,0,0,0,966,0,0,0,901,0,0,0,763
55,55,TF,0,4300,0,0,0,0,765,0,0,0,893,0,0,0,1049,0,0,0,872,0,0,0,74
55,55,T1,0,4300,0,0,0,0,880,0,0,0,845,0,0,0,969,0,0,0,904,0,0,0,767
56,56,TF,0,4300,0,0,0,0,765,0,0,0,893,0,0,0,1049,0,0,0,872,0,0,0,754
56,56,T1,0,4400,0,0,0,0,880,0,0,0,845,0,0,0,969,0,0,0,904,0,0,0,767
57,57,TF,0,4300,0,0,0,0,768,0,0,0,896,0,0,0,1053,0,0,0,875,0,0,0,738
57,57,T1,0,4400,0,0,0,0,883,0,0,0,848,0,0,0,973,0,0,0,908,0,0,0,770
58,58,TF,0,4400,0,0,0,0,779,0,0,0,915,0,0,0,1060,0,0,0,882,0,0,0,765
58,58,T1,0,4400,0,0,0,0,890,0,0,0,855,0,0,0,980,0,0,0,915,0,0,0,777
59,59,TF,0,4400,0,0,0,0,779,0,0,0,919,0,0,0,1108,0,0,0,886,0,0,0,768
59,59,T1,0,4400,0,0,0,0,959,0,0,0,859,0,0,0,983,0,0,0,918,0,0,0,781
60,60,TF,0,4400,0,0,0,0,779,0,0,0,919,0,0,0,1108,0,0,0,886,0,0,0,768
60,60,T1,0,4400,0,0,0,0,959,0,0,0,859,0,0,0,1023,0,0,0,918,0,0,0,781
61,61,TF,0,4500,0,0,0,0,786,0,0,0,950,0,0,0,1115,0,0,0,958,0,0,0,808
61,61,T1,0,4600,0,0,0,0,966,0,0,0,866,0,0,0,1030,0,0,0,990,0,0,0,820
62,62,TF,0,4600,0,0,0,0,789,0,0,0,977,0,0,0,1119,0,0,0,961,0,0,0,811
62,62,T1,0,4600,0,0,0,0,969,0,0,0,869,0,0,0,1034,0,0,0,994,0,0,0,824
63,63,TF,0,4600,0,0,0,0,854,0,0,0,977,0,0,0,1119,0,0,0,961,0,0,0,811
63,63,T1,0,4100,0,0,0,0,969,0,0,0,869,0,0,0,1074,0,0,0,994,0,0,0,824
64,64,TF,0,4600,0,0,0,0,858,0,0,0,981,0,0,0,1122,0,0,0,965,0,0,0,815
64,64,T1,0,4100,0,0,0,0,973,0,0,0,873,0,0,0,1077,0,0,0,997,0,0,0,827
65,65,TF,0,4600,0,0,0,0,865,0,0,0,988,0,0,0,1129,0,0,0,972,0,0,0,822
65,65,T1,0,4800,0,0,0,0,1020,0,0,0,880,0,0,0,1084,0,0,0,1004,0,0,0,834
66,66,TF,0,4600,0,0,0,0,868,0,0,0,991,0,0,0,1133,0,0,0,975,0,0,0,825
66,66,T1,0,4300,0,0,0,0,1023,0,0,0,883,0,0,0,1088,0,0,0,1048,0,0,0,858
67,67,TF,0,4600,0,0,0,0,868,0,0,0,991,0,0,0,1133,0,0,0,975,0,0,0,825
67,67,T1,0,4900,0,0,0,0,1023,0,0,0,883,0,0,0,1088,0,0,0,1048,0,0,0,858
68,68,TF,0,4600,0,0,0,0,872,0,0,0,995,0,0,0,1136,0,0,0,1019,0,0,0,849
68,68,T1,0,4500,0,0,0,0,1027,0,0,0,887,0,0,0,1091,0,0,0,1051,0,0,0,861
69,69,TF,0,4600,0,0,0,0,879,0,0,0,1002,0,0,0,1143,0,0,0,1026,0,0,0,856
69,69,T1,0,5000,0,0,0,0,1074,0,0,0,894,0,0,0,1124,0,0,0,1058,0,0,0,868
70,70,TF,0,4900,0,0,0,0,882,0,0,0,1005,0,0,0,1147,0,0,0,1029,0,0,0,859
70,70,T1,0,5000,0,0,0,0,1077,0,0,0,897,0,0,0,1127,0,0,0,1062,0,0,0,872
71,71,TF,0,4900,0,0,0,0,947,0,0,0,1005,0,0,0,1212,0,0,0,1029,0,0,0,859
71,71,T1,0,5000,0,0,0,0,1077,0,0,0,897,0,0,0,1127,0,0,0,1062,0,0,0,872
72,72,TF,0,5100,0,0,0,0,994,0,0,0,1012,0,0,0,1219,0,0,0,1036,0,0,0,866
72,72,T1,0,5100,0,0,0,0,1084,0,0,0,904,0,0,0,1134,0,0,0,1069,0,0,0,879
73,73,TF,0,5100,0,0,0,0,998,0,0,0,1016,0,0,0,1222,0,0,0,1080,0,0,0,890
73,73,T1,0,5100,0,0,0,0,1088,0,0,0,1064,0,0,0,1138,0,0,0,1072,0,0,0,882
74,74,TF,0,5200,0,0,0,0,1001,0,0,0,1019,0,0,0,1226,0,0,0,1083,0,0,0,893
74,74,T1,0,5200,0,0,0,0,1091,0,0,0,1067,0,0,0,1206,0,0,0,1076,0,0,0,886
75,75,TF,0,5200,0,0,0,0,1041,0,0,0,1019,0,0,0,1291,0,0,0,1083,0,0,0,893
75,75,T1,0,5200,0,0,0,0,1091,0,0,0,1067,0,0,0,1206,0,0,0,1076,0,0,0,886
76,76,TF,0,5300,0,0,0,0,1048,0,0,0,1026,0,0,0,1298,0,0,0,1155,0,0,0,933
76,76,T1,0,5300,0,0,0,0,1098,0,0,0,1074,0,0,0,1213,0,0,0,1083,0,0,0,893
77,77,TF,0,5500,0,0,0,0,1052,0,0,0,1060,0,0,0,1301,0,0,0,1159,0,0,0,936
77,77,T1,0,5400,0,0,0,0,1167,0,0,0,1078,0,0,0,1217,0,0,0,1086,0,0,0,896
78,78,TF,0,5500,0,0,0,0,1092,0,0,0,1060,0,0,0,1301,0,0,0,1159,0,0,0,936
78,78,T1,0,5400,0,0,0,0,1167,0,0,0,1078,0,0,0,1217,0,0,0,1151,0,0,0,929
79,79,TF,0,5500,0,0,0,0,1095,0,0,0,1063,0,0,0,1305,0,0,0,1227,0,0,0,972
79,79,T1,0,5400,0,0,0,0,1170,0,0,0,1081,0,0,0,1220,0,0,0,1155,0,0,0,932
80,80,TF,0,5700,0,0,0,0,1102,0,0,0,1130,0,0,0,1352,0,0,0,1234,0,0,0,979
80,80,T1,0,5600,0,0,0,0,1177,0,0,0,1088,0,0,0,1267,0,0,0,1202,0,0,0,959
81,81,TF,0,5800,0,0,0,0,1146,0,0,0,1134,0,0,0,1355,0,0,0,1238,0,0,0,983
81,81,T1,0,5700,0,0,0,0,1181,0,0,0,1092,0,0,0,1271,0,0,0,1205,0,0,0,963
82,82,TF,0,5800,0,0,0,0,1146,0,0,0,1206,0,0,0,1355,0,0,0,1238,0,0,0,983
82,82,T1,0,5700,0,0,0,0,1197,0,0,0,1092,0,0,0,1271,0,0,0,1205,0,0,0,963
83,83,TF,0,5800,0,0,0,0,1149,0,0,0,1209,0,0,0,13859,0,0,0,1241,0,0,0,986
83,83,T1,0,5700,0,0,0,0,1200,0,0,0,1095,0,0,0,1274,0,0,0,1274,0,0,0,999
84,84,TF,0,5900,0,0,0,0,1156,0,0,0,1216,0,0,0,1366,0,0,0,1288,0,0,0,1013
84,84,T1,0,5900,0,0,0,0,1207,0,0,0,1132,0,0,0,1281,0,0,0,1281,0,0,0,1006
85,85,TF,0,5900,0,0,0,0,1160,0,0,0,1220,0,0,0,1369,0,0,0,1292,0,0,0,1017
85,85,T1,0,5900,0,0,0,0,1211,0,0,0,1208,0,0,0,1285,0,0,0,1284,0,0,0,1009
86,86,TF,0,5900,0,0,0,0,1160,0,0,0,1220,0,0,0,1369,0,0,0,1292,0,0,0,1017
86,86,T1,0,5900,0,0,0,0,1276,0,0,0,1268,0,0,0,1285,0,0,0,1284,0,0,0,1009
87,87,TF,0,5900,0,0,0,0,1232,0,0,0,1227,0,0,0,1406,0,0,0,1299,0,0,0,1024
87,87,T1,0,5900,0,0,0,0,1283,0,0,0,1275,0,0,0,1292,0,0,0,1331,0,0,0,1036
88,88,TF,0,5900,0,0,0,0,1235,0,0,0,1230,0,0,0,1410,0,0,0,1302,0,0,0,1027
88,88,T1,0,6200,0,0,0,0,1286,0,0,0,1278,0,0,0,1295,0,0,0,1335,0,0,0,1040
89,89,TF,0,6200,0,0,0,0,1239,0,0,0,1234,0,0,0,1413,0,0,0,1306,0,0,0,1031
89,89,T1,0,6200,0,0,0,0,1290,0,0,0,1282,0,0,0,1299,0,0,0,1338,0,0,0,1043
90,90,TF,0,6200,0,0,0,0,1304,0,0,0,1234,0,0,0,1413,0,0,0,1306,0,0,0,1031
90,90,T1,0,6200,0,0,0,0,1290,0,0,0,1282,0,0,0,1299,0,0,0,1338,0,0,0,1043
91,91,TF,0,6200,0,0,0,0,1311,0,0,0,1241,0,0,0,1420,0,0,0,1313,0,0,0,1038
91,91,T1,0,6200,0,0,0,0,1297,0,0,0,1289,0,0,0,1306,0,0,0,1345,0,0,0,1050
92,92,TF,0,6200,0,0,0,0,1314,0,0,0,1244,0,0,0,1424,0,0,0,1316,0,0,0,1041
92,92,T1,0,6200,0,0,0,0,1300,0,0,0,1292,0,0,0,1309,0,0,0,1349,0,0,0,1054
93,93,TF,0,6200,0,0,0,0,1314,0,0,0,1244,0,0,0,1424,0,0,0,1316,0,0,0,1041
93,93,T1,0,6200,0,0,0,0,1300,0,0,0,1292,0,0,0,1394,0,0,0,1349,0,0,0,1054
94,94,TF,0,6200,0,0,0,0,1318,0,0,0,1248,0,0,0,1453,0,0,0,1320,0,0,0,1045
94,94,T1,0,6200,0,0,0,0,1304,0,0,0,1296,0,0,0,1398,0,0,0,1352,0,0,0,1057
95,95,TF,0,6400,0,0,0,0,1325,0,0,0,1255,0,0,0,1460,0,0,0,1327,0,0,0,1052
95,95,T1,0,6400,0,0,0,0,1311,0,0,0,1303,0,0,0,1405,0,0,0,1359,0,0,0,1064
96,96,TF,0,6400,0,0,0,0,1368,0,0,0,1258,0,0,0,1463,0,0,0,1330,0,0,0,1055
96,96,T1,0,6400,0,0,0,0,1314,0,0,0,1306,0,0,0,1408,0,0,0,1363,0,0,0,1068
97,97,TF,0,6400,0,0,0,0,1368,0,0,0,1258,0,0,0,1548,0,0,0,1330,0,0,0,1055
97,97,T1,0,6400,0,0,0,0,1314,0,0,0,1306,0,0,0,1408,0,0,0,1363,0,0,0,1068
98,98,TF,0,6400,0,0,0,0,1372,0,0,0,1262,0,0,0,1552,0,0,0,1334,0,0,0,1059
98,98,T1,0,6400,0,0,0,0,1318,0,0,0,1310,0,0,0,1412,0,0,0,1366,0,0,0,1071
99,99,TF,0,6400,0,0,0,0,1379,0,0,0,1269,0,0,0,1624,0,0,0,1341,0,0,0,1066
99,99,T1,0,6400,0,0,0,0,1325,0,0,0,1317,0,0,0,1484,0,0,0,1373,0,0,0,1078
100,100,TF,0,6700,0,0,0,0,1382,0,0,0,1272,0,0,0,1627,0,0,0,1344,0,0,0,1069
100,100,T1,0,6400,0,0,0,0,1328,0,0,0,1320,0,0,0,1487,0,0,0,1377,0,0,0,1082
101,101,TF,0,6700,0,0,0,0,1382,0,0,0,1272,0,0,0,1667,0,0,0,1344,0,0,0,1069
101,101,T1,0,6400,0,0,0,0,1328,0,0,0,1320,0,0,0,1487,0,0,0,1377,0,0,0,1082
102,102,TF,0,6700,0,0,0,0,1389,0,0,0,1279,0,0,0,1674,0,0,0,1351,0,0,0,1076
102,102,T1,0,6400,0,0,0,0,1335,0,0,0,1327,0,0,0,1494,0,0,0,1469,0,0,0,1131
103,103,TF,0,6700,0,0,0,0,1393,0,0,0,1283,0,0,0,1678,0,0,0,1355,0,0,0,1080
103,103,T1,0,6400,0,0,0,0,1339,0,0,0,1331,0,0,0,1528,0,0,0,1472,0,0,0,1135
104,104,TF,0,6700,0,0,0,0,1481,0,0,0,1286,0,0,0,1697,0,0,0,1358,0,0,0,1083
104,104,T1,0,6400,0,0,0,0,1342,0,0,0,1334,0,0,0,1531,0,0,0,1476,0,0,0,1138
105,105,TF,0,6700,0,0,0,0,1481,0,0,0,1406,0,0,0,1697,0,0,0,1488,0,0,0,1148
105,105,T1,0,6400,0,0,0,0,1342,0,0,0,1334,0,0,0,1531,0,0,0,1541,0,0,0,1171
106,106,TF,0,7200,0,0,0,0,1488,0,0,0,1413,0,0,0,1704,0,0,0,1495,0,0,0,1155
106,106,T1,0,6400,0,0,0,0,1349,0,0,0,1341,0,0,0,1603,0,0,0,1548,0,0,0,1178
107,107,TF,0,7200,0,0,0,0,1492,0,0,0,1417,0,0,0,1708,0,0,0,1539,0,0,0,1179
107,107,T1,0,7000,0,0,0,0,1353,0,0,0,1465,0,0,0,1607,0,0,0,1564,0,0,0,1194
108,108,TF,0,7200,0,0,0,0,1495,0,0,0,1420,0,0,0,1726,0,0,0,1542,0,0,0,1182
108,108,T1,0,700,0,0,0,0,1356,0,0,0,1468,0,0,0,1610,0,0,0,1567,0,0,0,1197
109,109,TF,0,7200,0,0,0,0,1560,0,0,0,1420,0,0,0,1726,0,0,0,1627,0,0,0,1225
109,109,T1,0,700,0,0,0,0,1356,0,0,0,1468,0,0,0,1610,0,0,0,1567,0,0,0,1197
110,110,TF,0,7600,0,0,0,0,1632,0,0,0,1427,0,0,0,1733,0,0,0,1674,0,0,0,1252
110,110,T1,0,7200,0,0,0,0,1363,0,0,0,1475,0,0,0,1617,0,0,0,1574,0,0,0,1204
111,111,TF,0,7600,0,0,0,0,1636,0,0,0,1431,0,0,0,1737,0,0,0,1678,0,0,0,1255
111,111,T1,0,1200,0,0,0,0,1367,0,0,0,1479,0,0,0,1621,0,0,0,1578,0,0,0,1208
112,112,TF,0,7600,0,0,0,0,1679,0,0,0,1434,0,0,0,1740,0,0,0,1681,0,0,0,1259
112,112,T1,0,1300,0,0,0,0,1435,0,0,0,1482,0,0,0,1624,0,0,0,1581,0,0,0,1211
113,113,TF,0,7600,0,0,0,0,1679,0,0,0,1434,0,0,0,1740,0,0,0,1681,0,0,0,1259
113,113,T1,0,1300,0,0,0,0,1435,0,0,0,1482,0,0,0,1624,0,0,0,1581,0,0,0,1211
114,114,TF,0,7800,0,0,0,0,1702,0,0,0,1441,0,0,0,1747,0,0,0,1688,0,0,0,1266
114,114,T1,0,700,0,0,0,0,1507,0,0,0,1489,0,0,0,1631,0,0,0,1628,0,0,0,1238
115,115,TF,0,7800,0,0,0,0,1706,0,0,0,1445,0,0,0,1751,0,0,0,1692,0,0,0,1269
115,115,T1,0,7500,0,0,0,0,1511,0,0,0,1493,0,0,0,1635,0,0,0,1632,0,0,0,1242
116,116,TF,0,7800,0,0,0,0,1709,0,0,0,1448,0,0,0,1754,0,0,0,1695,0,0,0,1273
116,116,T1,0,7500,0,0,0,0,1514,0,0,0,1496,0,0,0,1638,0,0,0,1675,0,0,0,1265
117,117,TF,0,7800,0,0,0,0,1709,0,0,0,1448,0,0,0,1754,0,0,0,1695,0,0,0,1273
117,117,T1,0,7500,0,0,0,0,1514,0,0,0,1496,0,0,0,1638,0,0,0,1675,0,0,0,1265
118,118,TF,0,7800,0,0,0,0,1716,0,0,0,1455,0,0,0,1826,0,0,0,1732,0,0,0,1280
118,118,T1,0,7600,0,0,0,0,1521,0,0,0,1503,0,0,0,1645,0,0,0,1727,0,0,0,1272
119,119,TF,0,7800,0,0,0,0,1720,0,0,0,1459,0,0,0,1830,0,0,0,1736,0,0,0,1283
119,119,T1,0,1400,0,0,0,0,1525,0,0,0,1507,0,0,0,1649,0,0,0,1731,0,0,0,1276
120,120,TF,0,7800,0,0,0,0,1723,0,0,0,1462,0,0,0,1938,0,0,0,1739,0,0,0,1287
120,120,T1,0,1400,0,0,0,0,1528,0,0,0,1510,0,0,0,1652,0,0,0,1734,0,0,0,1279
121,121,TF,0,7800,0,0,0,0,1723,0,0,0,1462,0,0,0,1938,0,0,0,1739,0,0,0,1287
121,121,T1,0,1400,0,0,0,0,1528,0,0,0,1510,0,0,0,1652,0,0,0,1734,0,0,0,1279
122,122,TF,0,8200,0,0,0,0,1730,0,0,0,1469,0,0,0,1945,0,0,0,1746,0,0,0,1294
122,122,T1,0,1400,0,0,0,0,1535,0,0,0,1517,0,0,0,1659,0,0,0,1741,0,0,0,1286
123,123,TF,0,8200,0,0,0,0,1734,0,0,0,1473,0,0,0,1989,0,0,0,1750,0,0,0,1297
123,123,T1,0,1400,0,0,0,0,1624,0,0,0,1521,0,0,0,1663,0,0,0,1745,0,0,0,1290
124,124,TF,0,8200,0,0,0,0,1734,0,0,0,1473,0,0,0,1989,0,0,0,1750,0,0,0,1297
124,124,T1,0,1800,0,0,0,0,1664,0,0,0,1521,0,0,0,1663,0,0,0,1745,0,0,0,1290
125,125,TF,0,8200,0,0,0,0,1737,0,0,0,1476,0,0,0,1992,0,0,0,1753,0,0,0,1301
125,125,T1,0,1800,0,0,0,0,1667,0,0,0,1524,0,0,0,1666,0,0,0,1748,0,0,0,1293
126,126,TF,0,8200,0,0,0,0,1744,0,0,0,1483,0,0,0,1999,0,0,0,1760,0,0,0,1308
126,126,T1,0,7900,0,0,0,0,1674,0,0,0,1531,0,0,0,1673,0,0,0,1755,0,0,0,1300
127,127,TF,0,8200,0,0,0,0,1813,0,0,0,1487,0,0,0,2003,0,0,0,1764,0,0,0,1311
127,127,T1,0,7900,0,0,0,0,1678,0,0,0,1535,0,0,0,1677,0,0,0,1759,0,0,0,1304
128,128,TF,0,8400,0,0,0,0,1813,0,0,0,1487,0,0,0,2003,0,0,0,777,0,0,0,1324
128,128,T1,0,7900,0,0,0,0,1678,0,0,0,1535,0,0,0,1677,0,0,0,1759,0,0,0,1304
129,129,TF,0,8400,0,0,0,0,1881,0,0,0,1490,0,0,0,2006,0,0,0,1780,0,0,0,1328
129,129,T1,0,7900,0,0,0,0,1681,0,0,0,1538,0,0,0,1680,0,0,0,1827,0,0,0,1340
130,130,TF,0,8400,0,0,0,0,1888,0,0,0,1497,0,0,0,2013,0,0,0,1852,0,0,0,1367
130,130,T1,0,7900,0,0,0,0,1704,0,0,0,1545,0,0,0,1687,0,0,0,1834,0,0,0,1347
131,131,TF,0,8400,0,0,0,0,1892,0,0,0,1501,0,0,0,2017,0,0,0,1856,0,0,0,1371
131,131,T1,0,7900,0,0,0,0,1708,0,0,0,1573,0,0,0,1691,0,0,0,1838,0,0,0,1350
132,132,TF,0,8400,0,0,0,0,1892,0,0,0,1501,0,0,0,2017,0,0,0,1856,0,0,0,1371
132,132,T1,0,8200,0,0,0,0,1708,0,0,0,1597,0,0,0,1691,0,0,0,1838,0,0,0,1350
133,133,TF,0,8400,0,0,0,0,1895,0,0,0,1660,0,0,0,2020,0,0,0,1859,0,0,0,1374
133,133,T1,0,8200,0,0,0,0,1711,0,0,0,1600,0,0,0,1759,0,0,0,1906,0,0,0,1386
134,134,TF,0,8700,0,0,0,0,1902,0,0,0,1667,0,0,0,2027,0,0,0,1906,0,0,0,1401
134,134,T1,0,8400,0,0,0,0,1783,0,0,0,1607,0,0,0,1766,0,0,0,1913,0,0,0,1393
135,135,TF,0,8700,0,0,0,0,1906,0,0,0,1671,0,0,0,203,0,0,0,1910,0,0,0,1405
135,135,T1,0,8400,0,0,0,0,1787,0,0,0,1719,0,0,0,1810,0,0,0,1997,0,0,0,1437
136,136,TF,0,8700,0,0,0,0,1986,0,0,0,1671,0,0,0,2031,0,0,0,1910,0,0,0,1405
136,136,T1,0,8400,0,0,0,0,1787,0,0,0,1719,0,0,0,1810,0,0,0,1997,0,0,0,1437
137,137,TF,0,8700,0,0,0,0,1989,0,0,0,1674,0,0,0,2034,0,0,0,1913,0,0,0,1408
137,137,T1,0,8400,0,0,0,0,1790,0,0,0,1722,0,0,0,1813,0,0,0,2000,0,0,0,1440
138,138,TF,0,8700,0,0,0,0,1996,0,0,0,1681,0,0,0,2041,0,0,0,1920,0,0,0,1415
138,138,T1,0,8400,0,0,0,0,1827,0,0,0,1729,0,0,0,1860,0,0,0,2007,0,0,0,1447
139,139,TF,0,8700,0,0,0,0,2000,0,0,0,1685,0,0,0,2045,0,0,0,1924,0,0,0,1419
139,139,T1,0,8400,0,0,0,0,1846,0,0,0,1733,0,0,0,1864,0,0,0,2011,0,0,0,1451
140,140,TF,0,8700,0,0,0,0,2000,0,0,0,1685,0,0,0,2045,0,0,0,1924,0,0,0,1419
140,140,T1,0,8400,0,0,0,0,1911,0,0,0,1733,0,0,0,1864,0,0,0,2011,0,0,0,1451
141,141,TF,0,8700,0,0,0,0,2007,0,0,0,1692,0,0,0,2052,0,0,0,1931,0,0,0,1426
141,141,T1,0,8400,0,0,0,0,1958,0,0,0,1740,0,0,0,1871,0,0,0,2018,0,0,0,1458
142,142,TF,0,8700,0,0,0,0,2010,0,0,0,1695,0,0,0,2055,0,0,0,1974,0,0,0,1449
142,142,T1,0,8400,0,0,0,0,1961,0,0,0,1743,0,0,0,1874,0,0,0,2021,0,0,0,1461
143,143,TF,0,9200,0,0,0,0,2014,0,0,0,1699,0,0,0,2059,0,0,0,1978,0,0,0,1453
143,143,T1,0,8400,0,0,0,0,1965,0,0,0,1747,0,0,0,1878,0,0,0,2025,0,0,0,1465
144,144,TF,0,9200,0,0,0,0,2014,0,0,0,1699,0,0,0,2059,0,0,0,1978,0,0,0,1453
144,144,T1,0,8400,0,0,0,0,2005,0,0,0,1747,0,0,0,1943,0,0,0,2025,0,0,0,1465
145,145,TF,0,9200,0,0,0,0,2021,0,0,0,1862,0,0,0,2066,0,0,0,1985,0,0,0,1460
145,145,T1,0,9200,0,0,0,0,2012,0,0,0,1754,0,0,0,1990,0,0,0,2032,0,0,0,1472
146,146,TF,0,9200,0,0,0,0,2024,0,0,0,1865,0,0,0,2069,0,0,0,1988,0,0,0,1463
146,146,T1,0,9200,0,0,0,0,2015,0,0,0,1757,0,0,0,2058,0,0,0,2035,0,0,0,1475
147,147,TF,0,9400,0,0,0,0,2028,0,0,0,1869,0,0,0,2203,0,0,0,1992,0,0,0,1467
147,147,T1,0,9200,0,0,0,0,2019,0,0,0,1761,0,0,0,2147,0,0,0,2104,0,0,0,1511
148,148,TF,0,9400,0,0,0,0,2028,0,0,0,1869,0,0,0,2203,0,0,0,1992,0,0,0,1467
148,148,T1,0,9200,0,0,0,0,2019,0,0,0,1761,0,0,0,2147,0,0,0,2104,0,0,0,1511
149,149,TF,0,9400,0,0,0,0,2035,0,0,0,1876,0,0,0,2210,0,0,0,1999,0,0,0,1474
149,149,T1,0,9200,0,0,0,0,2026,0,0,0,1768,0,0,0,2154,0,0,0,2176,0,0,0,1551
150,150,TF,0,9400,0,0,0,0,2038,0,0,0,1879,0,0,0,2213,0,0,0,2002,0,0,0,1477
150,150,T1,0,3700,0,0,0,0,2029,0,0,0,1771,0,0,0,2157,0,0,0,2179,0,0,0,1554
151,151,TF,0,9400,0,0,0,0,2038,0,0,0,1879,0,0,0,2213,0,0,0,2002,0,0,0,1477
151,151,T1,0,3700,0,0,0,0,2029,0,0,0,1771,0,0,0,2157,0,0,0,2179,0,0,0,1554
152,152,TF,0,9400,0,0,0,0,2042,0,0,0,1883,0,0,0,2217,0,0,0,2006,0,0,0,1481
152,152,T1,0,3700,0,0,0,0,2033,0,0,0,1775,0,0,0,2161,0,0,0,2183,0,0,0,1558
153,153,TF,0,9400,0,0,0,0,2049,0,0,0,1890,0,0,0,2264,0,0,0,2013,0,0,0,1488
153,153,T1,0,3700,0,0,0,0,2105,0,0,0,1938,0,0,0,2168,0,0,0,2230,0,0,0,1585
154,154,TF,0,9700,0,0,0,0,2052,0,0,0,1893,0,0,0,2267,0,0,0,2016,0,0,0,1491
154,154,T1,0,3700,0,0,0,0,2108,0,0,0,1941,0,0,0,2171,0,0,0,2233,0,0,0,1588
155,155,TF,0,9700,0,0,0,0,2052,0,0,0,1893,0,0,0,2267,0,0,0,2016,0,0,0,1491
155,155,T1,0,3700,0,0,0,0,2108,0,0,0,1941,0,0,0,2171,0,0,0,2250,0,0,0,1605
156,156,TF,0,9700,0,0,0,0,2056,0,0,0,1897,0,0,0,2271,0,0,0,2020,0,0,0,1495
156,156,T1,0,10000,0,0,0,0,2112,0,0,0,1945,0,0,0,2175,0,0,0,2254,0,0,0,1609
157,157,TF,0,9700,0,0,0,0,2063,0,0,0,1952,0,0,0,2363,0,0,0,2027,0,0,0,1502
157,157,T1,0,10100,0,0,0,0,2119,0,0,0,1952,0,0,0,2182,0,0,0,2261,0,0,0,1616
158,158,TF,0,9700,0,0,0,0,2066,0,0,0,2063,0,0,0,2366,0,0,0,2030,0,0,0,1505
158,158,T1,0,10100,0,0,0,0,2187,0,0,0,1955,0,0,0,2185,0,0,0,2264,0,0,0,1619
159,159,TF,0,10000,0,0,0,0,2066,0,0,0,2063,0,0,0,2366,0,0,0,2030,0,0,0,1505
159,159,T1,0,10200,0,0,0,0,2227,0,0,0,1955,0,0,0,2185,0,0,0,2264,0,0,0,1619
160,160,TF,0,10000,0,0,0,0,2070,0,0,0,2067,0,0,0,2370,0,0,0,2034,0,0,0,1509
160,160,T1,0,10200,0,0,0,0,2231,0,0,0,1959,0,0,0,2189,0,0,0,2268,0,0,0,1623
161,161,TF,0,10100,0,0,0,0,2077,0,0,0,2074,0,0,0,2377,0,0,0,2041,0,0,0,1516
161,161,T1,0,10300,0,0,0,0,2323,0,0,0,1966,0,0,0,2196,0,0,0,2275,0,0,0,1630
162,162,TF,0,10100,0,0,0,0,2080,0,0,0,2077,0,0,0,2380,0,0,0,2044,0,0,0,1519
162,162,T1,0,10400,0,0,0,0,2326,0,0,0,1969,0,0,0,2199,0,0,0,2278,0,0,0,1633
163,163,TF,0,10100,0,0,0,0,2080,0,0,0,2077,0,0,0,2380,0,0,0,2044,0,0,0,1519
163,163,T1,0,10400,0,0,0,0,2326,0,0,0,1969,0,0,0,2199,0,0,0,2278,0,0,0,1633
164,164,TF,0,10100,0,0,0,0,2084,0,0,0,2081,0,0,0,2384,0,0,0,2048,0,0,0,1523
164,164,T1,0,10400,0,0,0,0,2330,0,0,0,2129,0,0,0,2203,0,0,0,2282,0,0,0,1637
165,165,TF,0,10100,0,0,0,0,2156,0,0,0,2088,0,0,0,2391,0,0,0,2055,0,0,0,1530
165,165,T1,0,10600,0,0,0,0,2337,0,0,0,2136,0,0,0,2210,0,0,0,2289,0,0,0,1644
166,166,TF,0,10200,0,0,0,0,2159,0,0,0,2091,0,0,0,2394,0,0,0,2058,0,0,0,1533
166,166,T1,0,10600,0,0,0,0,2340,0,0,0,2139,0,0,0,2213,0,0,0,2292,0,0,0,1647
167,167,TF,0,10200,0,0,0,0,2159,0,0,0,2091,0,0,0,2394,0,0,0,2058,0,0,0,1533
167,167,T1,0,10600,0,0,0,0,2340,0,0,0,2139,0,0,0,2213,0,0,0,2292,0,0,0,1647
168,168,TF,0,10200,0,0,0,0,2163,0,0,0,2095,0,0,0,2463,0,0,0,2062,0,0,0,1537
168,168,T1,0,10600,0,0,0,0,2344,0,0,0,2143,0,0,0,2217,0,0,0,2296,0,0,0,1651
169,169,TF,0,10300,0,0,0,0,2170,0,0,0,2102,0,0,0,2535,0,0,0,2069,0,0,0,1544
169,169,T1,0,10700,0,0,0,0,2351,0,0,0,2150,0,0,0,2254,0,0,0,2303,0,0,0,1658
170,170,TF,0,10400,0,0,0,0,2173,0,0,0,2105,0,0,0,2538,0,0,0,2072,0,0,0,1547
170,170,T1,0,10700,0,0,0,0,2354,0,0,0,2153,0,0,0,2257,0,0,0,2306,0,0,0,1661
171,171,TF,0,10400,0,0,0,0,2173,0,0,0,2105,0,0,0,2538,0,0,0,2137,0,0,0,1547
171,171,T1,0,10700,0,0,0,0,2354,0,0,0,2153,0,0,0,2257,0,0,0,2306,0,0,0,1661
172,172,TF,0,10400,0,0,0,0,2177,0,0,0,2109,0,0,0,2942,0,0,0,2157,0,0,0,1551
172,172,T1,0,10700,0,0,0,0,2358,0,0,0,2157,0,0,0,2261,0,0,0,2310,0,0,0,1665
173,173,TF,0,10600,0,0,0,0,2224,0,0,0,2146,0,0,0,2549,0,0,0,2164,0,0,0,1558
173,173,T1,0,10800,0,0,0,0,2365,0,0,0,2164,0,0,0,2268,0,0,0,2317,0,0,0,1672
174,174,TF,0,10600,0,0,0,0,2312,0,0,0,2149,0,0,0,2592,0,0,0,2167,0,0,0,1561
174,174,T1,0,10800,0,0,0,0,2368,0,0,0,2167,0,0,0,2271,0,0,0,2320,0,0,0,1675
175,175,TF,0,10700,0,0,0,0,2312,0,0,0,2149,0,0,0,2592,0,0,0,2167,0,0,0,1561
175,175,T1,0,10800,0,0,0,0,2368,0,0,0,2167,0,0,0,2271,0,0,0,2320,0,0,0,1675
176,176,TF,0,10700,0,0,0,0,2316,0,0,0,2153,0,0,0,2636,0,0,0,2171,0,0,0,1565
176,176,T1,0,10800,0,0,0,0,2372,0,0,0,2171,0,0,0,2340,0,0,0,2324,0,0,0,1679
177,177,TF,0,10900,0,0,0,0,2323,0,0,0,2160,0,0,0,2643,0,0,0,2178,0,0,0,1572
177,177,T1,0,10900,0,0,0,0,2379,0,0,0,2178,0,0,0,2452,0,0,0,2331,0,0,0,1686
178,178,TF,0,10900,0,0,0,0,2326,0,0,0,2235,0,0,0,2646,0,0,0,2181,0,0,0,1575
178,178,T1,0,10900,0,0,0,0,2382,0,0,0,2181,0,0,0,2455,0,0,0,2334,0,0,0,1689
179,179,TF,0,11000,0,0,0,0,2326,0,0,0,2259,0,0,0,2646,0,0,0,2181,0,0,0,1575
179,179,T1,0,10900,0,0,0,0,2382,0,0,0,2181,0,0,0,2455,0,0,0,2334,0,0,0,1689
180,180,TF,0,11000,0,0,0,0,2330,0,0,0,2263,0,0,0,2650,0,0,0,2185,0,0,0,1579
180,180,T1,0,10900,0,0,0,0,2386,0,0,0,2185,0,0,0,2459,0,0,0,2338,0,0,0,1693
181,181,TF,0,11000,0,0,0,0,2337,0,0,0,2270,0,0,0,2657,0,0,0,2257,0,0,0,1618
181,181,T1,0,11100,0,0,0,0,2393,0,0,0,2192,0,0,0,2506,0,0,0,2345,0,0,0,1700
182,182,TF,0,11100,0,0,0,0,2405,0,0,0,2321,0,0,0,2660,0,0,0,2260,0,0,0,1622
182,182,T1,0,11100,0,0,0,0,2396,0,0,0,2195,0,0,0,2909,0,0,0,2348,0,0,0,1703
183,183,TF,0,11200,0,0,0,0,2405,0,0,0,2321,0,0,0,2660,0,0,0,2260,0,0,0,1622
183,183,T1,0,11200,0,0,0,0,2396,0,0,0,2195,0,0,0,2509,0,0,0,2348,0,0,0,1703
184,184,TF,0,11200,0,0,0,0,2409,0,0,0,2325,0,0,0,2709,0,0,0,2304,0,0,0,1645
184,184,T1,0,11200,0,0,0,0,2400,0,0,0,2199,0,0,0,2513,0,0,0,2352,0,0,0,1707
185,185,TF,0,11400,0,0,0,0,2416,0,0,0,2332,0,0,0,2716,0,0,0,2351,0,0,0,1672
185,185,T1,0,11200,0,0,0,0,2407,0,0,0,2206,0,0,0,2520,0,0,0,2359,0,0,0,1714
186,186,TF,0,11500,0,0,0,0,2419,0,0,0,2335,0,0,0,2719,0,0,0,2354,0,0,0,1676
186,186,T1,0,11200,0,0,0,0,2410,0,0,0,2209,0,0,0,2523,0,0,0,2362,0,0,0,1717
187,187,TF,0,11500,0,0,0,0,2423,0,0,0,2339,0,0,0,2723,0,0,0,2358,0,0,0,1679
187,187,T1,0,11200,0,0,0,0,2414,0,0,0,2213,0,0,0,2527,0,0,0,2366,0,0,0,1721
188,188,TF,0,11500,0,0,0,0,2423,0,0,0,2339,0,0,0,2723,0,0,0,2423,0,0,0,1679
188,188,T1,0,11200,0,0,0,0,2414,0,0,0,2213,0,0,0,2527,0,0,0,2366,0,0,0,1721
189,189,TF,0,11600,0,0,0,0,2430,0,0,0,2346,0,0,0,2730,0,0,0,2430,0,0,0,1686
189,189,T1,0,11300,0,0,0,0,2421,0,0,0,2244,0,0,0,2534,0,0,0,2373,0,0,0,1728
190,190,TF,0,11600,0,0,0,0,2433,0,0,0,2349,0,0,0,2733,0,0,0,2433,0,0,0,1690
190,190,T1,0,11300,0,0,0,0,2424,0,0,0,2271,0,0,0,2537,0,0,0,2376,0,0,0,1731
191,191,TF,0,11600,0,0,0,0,2437,0,0,0,2353,0,0,0,2737,0,0,0,2437,0,0,0,1693
191,191,T1,0,11300,0,0,0,0,2428,0,0,0,2275,0,0,0,2586,0,0,0,2380,0,0,0,1735
192,192,TF,0,11600,0,0,0,0,2502,0,0,0,2353,0,0,0,2737,0,0,0,2437,0,0,0,1693
192,192,T1,0,11300,0,0,0,0,2428,0,0,0,2287,0,0,0,2586,0,0,0,2380,0,0,0,1735
193,193,TF,0,11700,0,0,0,0,2909,0,0,0,2360,0,0,0,2744,0,0,0,2444,0,0,0,1700
193,193,T1,0,11400,0,0,0,0,2435,0,0,0,2294,0,0,0,2593,0,0,0,2387,0,0,0,1742
194,194,TF,0,11800,0,0,0,0,2512,0,0,0,2363,0,0,0,2747,0,0,0,2447,0,0,0,1704
194,194,T1,0,11500,0,0,0,0,2438,0,0,0,2297,0,0,0,2596,0,0,0,2390,0,0,0,1745
195,195,TF,0,11800,0,0,0,0,2516,0,0,0,2367,0,0,0,2751,0,0,0,2451,0,0,0,1707
195,195,T1,0,11500,0,0,0,0,2442,0,0,0,2301,0,0,0,2600,0,0,0,2394,0,0,0,1749
196,196,TF,0,11800,0,0,0,0,2516,0,0,0,2367,0,0,0,2751,0,0,0,2451,0,0,0,1707
196,196,T1,0,11500,0,0,0,0,2442,0,0,0,2301,0,0,0,2600,0,0,0,2459,0,0,0,1749
198,198,TF,0,11800,0,0,0,0,2582,0,0,0,2377,0,0,0,2826,0,0,0,2526,0,0,0,1750
198,198,T1,0,11500,0,0,0,0,2452,0,0,0,2341,0,0,0,2610,0,0,0,2949,0,0,0,1785
199,199,TF,0,11800,0,0,0,0,2582,0,0,0,2377,0,0,0,2826,0,0,0,2926,0,0,0,1750
199,199,T1,0,11500,0,0,0,0,2452,0,0,0,2341,0,0,0,2610,0,0,0,2949,0,0,0,1785
200,200,TF,0,12100,0,0,0,0,2589,0,0,0,2384,0,0,0,2833,0,0,0,2598,0,0,0,1790
200,200,T1,0,11700,0,0,0,0,2459,0,0,0,2348,0,0,0,2617,0,0,0,2956,0,0,0,1792
201,201,TF,0,12200,0,0,0,0,2993,0,0,0,2388,0,0,0,2942,0,0,0,2602,0,0,0,1793
201,201,T1,0,11800,0,0,0,0,2463,0,0,0,2352,0,0,0,2621,0,0,0,2960,0,0,0,1796
202,202,TF,0,12300,0,0,0,0,2593,0,0,0,2388,0,0,0,2942,0,0,0,2602,0,0,0,1793
202,202,T1,0,11800,0,0,0,0,2463,0,0,0,2424,0,0,0,2686,0,0,0,2960,0,0,0,1828
203,203,TF,0,12300,0,0,0,0,2596,0,0,0,2391,0,0,0,2945,0,0,0,2605,0,0,0,1797
203,203,T1,0,11800,0,0,0,0,2466,0,0,0,2427,0,0,0,2689,0,0,0,2963,0,0,0,1832
204,204,TF,0,12400,0,0,0,0,2708,0,0,0,2398,0,0,0,2952,0,0,0,2652,0,0,0,1824
204,204,T1,0,12000,0,0,0,0,2473,0,0,0,2464,0,0,0,2736,0,0,0,2970,0,0,0,1859
205,205,TF,0,12500,0,0,0,0,2712,0,0,0,2402,0,0,0,2956,0,0,0,2656,0,0,0,1827
205,205,T1,0,12100,0,0,0,0,2477,0,0,0,2468,0,0,0,2740,0,0,0,2600,0,0,0,1862
206,206,TF,0,12500,0,0,0,0,2712,0,0,0,2402,0,0,0,2956,0,0,0,2656,0,0,0,1827
206,206,T1,0,12100,0,0,0,0,2477,0,0,0,2498,0,0,0,2740,0,0,0,2600,0,0,0,1862
207,207,TF,0,12600,0,0,0,0,2869,0,0,0,2409,0,0,0,2963,0,0,0,2663,0,0,0,1834
207,207,T1,0,12200,0,0,0,0,2484,0,0,0,2535,0,0,0,2832,0,0,0,2607,0,0,0,1912
208,208,TF,0,12600,0,0,0,0,2872,0,0,0,2412,0,0,0,2966,0,0,0,2751,0,0,0,1880
208,208,T1,0,12400,0,0,0,0,2487,0,0,0,2538,0,0,0,2835,0,0,0,2675,0,0,0,1915
209,209,TF,0,12900,0,0,0,0,2876,0,0,0,2476,0,0,0,2970,0,0,0,2795,0,0,0,1884
209,209,T1,0,12400,0,0,0,0,2491,0,0,0,2042,0,0,0,2839,0,0,0,2679,0,0,0,1919
210,210,TF,0,12900,0,0,0,0,2876,0,0,0,2476,0,0,0,2970,0,0,0,2795,0,0,0,1884
210,210,T1,0,12400,0,0,0,0,2491,0,0,0,2542,0,0,0,2839,0,0,0,2679,0,0,0,1919
211,211,TF,0,13000,0,0,0,0,2883,0,0,0,2585,0,0,0,2977,0,0,0,2762,0,0,0,1891
211,211,T1,0,12500,0,0,0,0,25963,0,0,0,2549,0,0,0,2846,0,0,0,2726,0,0,0,1926
212,212,TF,0,13100,0,0,0,0,2886,0,0,0,2988,0,0,0,2980,0,0,0,2765,0,0,0,1894
212,212,T1,0,12600,0,0,0,0,2566,0,0,0,2552,0,0,0,2849,0,0,0,2729,0,0,0,1929
213,213,TF,0,13100,0,0,0,0,2890,0,0,0,2592,0,0,0,2984,0,0,0,2769,0,0,0,1898
213,213,T1,0,12600,0,0,0,0,2635,0,0,0,2556,0,0,0,2853,0,0,0,2733,0,0,0,1933
214,214,TF,0,13100,0,0,0,0,2890,0,0,0,2592,0,0,0,2984,0,0,0,2769,0,0,0,1898
214,214,T1,0,127100,0,0,0,0,2635,0,0,0,2956,0,0,0,2853,0,0,0,2733,0,0,0,1933
215,215,TF,0,13100,0,0,0,0,2893,0,0,0,2595,0,0,0,2987,0,0,0,2772,0,0,0,1901
215,215,T1,0,127100,0,0,0,0,2638,0,0,0,2559,0,0,0,2856,0,0,0,2736,0,0,0,1936
216,216,TF,0,13200,0,0,0,0,2945,0,0,0,2602,0,0,0,2994,0,0,0,2779,0,0,0,1908
216,216,T1,0,12100,0,0,0,0,2645,0,0,0,2566,0,0,0,2863,0,0,0,2828,0,0,0,1943
217,217,TF,0,13200,0,0,0,0,2949,0,0,0,2606,0,0,0,3083,0,0,0,2783,0,0,0,1912
217,217,T1,0,12800,0,0,0,0,2649,0,0,0,2570,0,0,0,2867,0,0,0,2832,0,0,0,1947
218,218,TF,0,13300,0,0,0,0,2949,0,0,0,2606,0,0,0,3083,0,0,0,2783,0,0,0,1912
218,218,T1,0,12900,0,0,0,0,2689,0,0,0,2570,0,0,0,2867,0,0,0,2832,0,0,0,1947
219,219,TF,0,13300,0,0,0,0,2952,0,0,0,2609,0,0,0,3086,0,0,0,2786,0,0,0,1915
219,219,T1,0,12900,0,0,0,0,2732,0,0,0,2573,0,0,0,3080,0,0,0,2835,0,0,0,1950
220,220,TF,0,13400,0,0,0,0,2959,0,0,0,2616,0,0,0,3093,0,0,0,2793,0,0,0,1922
220,220,T1,0,13200,0,0,0,0,2739,0,0,0,2580,0,0,0,3087,0,0,0,2842,0,0,0,1957
221,221,TF,0,13400,0,0,0,0,2963,0,0,0,2620,0,0,0,3097,0,0,0,2797,0,0,0,1956
221,221,T1,0,13200,0,0,0,0,2743,0,0,0,2584,0,0,0,3091,0,0,0,2846,0,0,0,1961
222,222,TF,0,13400,0,0,0,0,2963,0,0,0,2620,0,0,0,3097,0,0,0,2797,0,0,0,1956
222,222,T1,0,13200,0,0,0,0,2783,0,0,0,2584,0,0,0,3091,0,0,0,2846,0,0,0,1961
226,226,TF,0,13900,0,0,0,0,2980,0,0,0,2793,0,0,0,3324,0,0,0,2814,0,0,0,1973
226,226,T1,0,13400,0,0,0,0,2885,0,0,0,2601,0,0,0,3108,0,0,0,2863,0,0,0,1978
227,227,TF,0,13900,0,0,0,0,2984,0,0,0,2797,0,0,0,3328,0,0,0,2818,0,0,0,1977
227,227,T1,0,13400,0,0,0,0,2889,0,0,0,2605,0,0,0,3112,0,0,0,2867,0,0,0,1982
228,228,TF,0,13900,0,0,0,0,2984,0,0,0,2869,0,0,0,3328,0,0,0,2844,0,0,0,1977
228,228,T1,0,13500,0,0,0,0,2889,0,0,0,2605,0,0,0,3112,0,0,0,2867,0,0,0,1982
236,236,TF,0,14500,0,0,0,0,3225,0,0,0,2924,0,0,0,3404,0,0,0,2936,0,0,0,2029
236,236,T1,0,13900,0,0,0,0,3050,0,0,0,2792,0,0,0,3143,0,0,0,3108,0,0,0,2013
237,237,TF,0,14500,0,0,0,0,3229,0,0,0,2928,0,0,0,3408,0,0,0,2940,0,0,0,2033
237,237,T1,0,14000,0,0,0,0,3054,0,0,0,2796,0,0,0,3147,0,0,0,3112,0,0,0,2017
238,238,TF,0,14500,0,0,0,0,3229,0,0,0,2928,0,0,0,3408,0,0,0,2940,0,0,0,2033
238,238,T1,0,14000,0,0,0,0,3054,0,0,0,2796,0,0,0,3147,0,0,0,3112,0,0,0,2017
239,239,TF,0,14600,0,0,0,0,3236,0,0,0,2935,0,0,0,3415,0,0,0,2947,0,0,0,2042
239,239,T1,0,14100,0,0,0,0,3101,0,0,0,2803,0,0,0,3154,0,0,0,3119,0,0,0,2026
240,240,TF,0,14600,0,0,0,0,3239,0,0,0,3058,0,0,0,3418,0,0,0,2950,0,0,0,2047
240,240,T1,0,14200,0,0,0,0,3104,0,0,0,2806,0,0,0,3157,0,0,0,3122,0,0,0,2031
241,241,TF,0,14700,0,0,0,0,3243,0,0,0,3062,0,0,0,3422,0,0,0,2954,0,0,0,2053
241,241,T1,0,14200,0,0,0,0,3108,0,0,0,2810,0,0,0,3161,0,0,0,3126,0,0,0,2037
242,242,TF,0,14700,0,0,0,0,3243,0,0,0,3062,0,0,0,3422,0,0,0,2954,0,0,0,2053
242,242,T1,0,14200,0,0,0,0,3124,0,0,0,2810,0,0,0,3161,0,0,0,3141,0,0,0,2037
268,268,TF,0,16100,0,0,0,0,3527,0,0,0,3273,0,0,0,3728,0,0,0,3247,0,0,0,2385
268,268,T1,0,15500,0,0,0,0,3395,0,0,0,3060,0,0,0,3560,0,0,0,3250,0,0,0,2316
269,269,TF,0,16200,0,0,0,0,3531,0,0,0,3277,0,0,0,3732,0,0,0,3250,0,0,0,2390
269,269,T1,0,15600,0,0,0,0,3399,0,0,0,3064,0,0,0,3564,0,0,0,3254,0,0,0,2322
270,270,TF,0,16200,0,0,0,0,3534,0,0,0,3280,0,0,0,3735,0,0,0,3254,0,0,0,2396
270,270,T1,0,15600,0,0,0,0,3402,0,0,0,3067,0,0,0,3567,0,0,0,3257,0,0,0,2327
271,271,TF,0,16200,0,0,0,0,3534,0,0,0,3280,0,0,0,3735,0,0,0,3254,0,0,0,2396
271,271,T1,0,15600,0,0,0,0,3402,0,0,0,3067,0,0,0,3567,0,0,0,3257,0,0,0,2327
272,272,TF,0,16200,0,0,0,0,3541,0,0,0,3287,0,0,0,3742,0,0,0,3261,0,0,0,2407
272,272,T1,0,15600,0,0,0,0,3409,0,0,0,3074,0,0,0,3574,0,0,0,3264,0,0,0,2338
273,273,TF,0,16200,0,0,0,0,3545,0,0,0,3291,0,0,0,3746,0,0,0,3264,0,0,0,2412
273,273,T1,0,15700,0,0,0,0,3413,0,0,0,3078,0,0,0,3608,0,0,0,3268,0,0,0,2344
274,274,TF,0,16300,0,0,0,0,3548,0,0,0,3294,0,0,0,3789,0,0,0,3268,0,0,0,2418
274,274,T1,0,15700,0,0,0,0,3416,0,0,0,3081,0,0,0,3611,0,0,0,3271,0,0,0,2349
275,275,TF,0,16300,0,0,0,0,3548,0,0,0,3294,0,0,0,3829,0,0,0,3294,0,0,0,2418
275,275,T1,0,15700,0,0,0,0,3416,0,0,0,3081,0,0,0,3611,0,0,0,3271,0,0,0,2349
276,276,TF,0,16400,0,0,0,0,3765,0,0,0,3301,0,0,0,3966,0,0,0,3301,0,0,0,2494
276,276,T1,0,15800,0,0,0,0,3423,0,0,0,3088,0,0,0,3618,0,0,0,3278,0,0,0,2360
277,277,TF,0,16800,0,0,0,0,3769,0,0,0,3305,0,0,0,3970,0,0,0,3304,0,0,0,2499
277,277,T1,0,15800,0,0,0,0,3427,0,0,0,3092,0,0,0,3622,0,0,0,3282,0,0,0,2366
278,278,TF,0,16800,0,0,0,0,3772,0,0,0,3308,0,0,0,3973,0,0,0,3388,0,0,0,2505
278,278,T1,0,15800,0,0,0,0,3430,0,0,0,3095,0,0,0,3625,0,0,0,3285,0,0,0,2371
279,279,TF,0,16800,0,0,0,0,3772,0,0,0,3308,0,0,0,3973,0,0,0,3388,0,0,0,2905
279,279,T1,0,15800,0,0,0,0,3430,0,0,0,3095,0,0,0,3625,0,0,0,3285,0,0,0,2371
280,280,TF,0,17000,0,0,0,0,3779,0,0,0,3315,0,0,0,3980,0,0,0,3395,0,0,0,2516
280,280,T1,0,15800,0,0,0,0,3437,0,0,0,3102,0,0,0,3802,0,0,0,3292,0,0,0,2382
281,281,TF,0,17000,0,0,0,0,3783,0,0,0,3319,0,0,0,3984,0,0,0,3398,0,0,0,2521
281,281,T1,0,15800,0,0,0,0,3441,0,0,0,3106,0,0,0,3846,0,0,0,3361,0,0,0,2388
282,282,TF,0,17000,0,0,0,0,3786,0,0,0,3322,0,0,0,3987,0,0,0,3402,0,0,0,2927
282,282,T1,0,16100,0,0,0,0,3444,0,0,0,3109,0,0,0,3849,0,0,0,3364,0,0,0,2393
283,283,TF,0,17000,0,0,0,0,3786,0,0,0,3322,0,0,0,3987,0,0,0,3402,0,0,0,25927
283,283,T1,0,16100,0,0,0,0,3444,0,0,0,3109,0,0,0,3849,0,0,0,3364,0,0,0,2393
284,284,TF,0,17000,0,0,0,0,3793,0,0,0,3329,0,0,0,3994,0,0,0,3409,0,0,0,2538
284,284,T1,0,16200,0,0,0,0,3477,0,0,0,3116,0,0,0,3856,0,0,0,3436,0,0,0,2404
285,285,TF,0,17000,0,0,0,0,3797,0,0,0,3333,0,0,0,3998,0,0,0,3412,0,0,0,2543
285,285,T1,0,16300,0,0,0,0,3481,0,0,0,3120,0,0,0,3860,0,0,0,3480,0,0,0,2410
286,286,TF,0,17100,0,0,0,0,3800,0,0,0,3336,0,0,0,4001,0,0,0,3416,0,0,0,2549
286,286,T1,0,16400,0,0,0,0,3484,0,0,0,3123,0,0,0,3863,0,0,0,3499,0,0,0,2415
287,287,TF,0,17100,0,0,0,0,3950,0,0,0,3336,0,0,0,4001,0,0,0,3416,0,0,0,2549
287,287,T1,0,16400,0,0,0,0,3484,0,0,0,3123,0,0,0,3863,0,0,0,3499,0,0,0,2415
288,288,TF,0,17300,0,0,0,0,3957,0,0,0,3367,0,0,0,4008,0,0,0,3423,0,0,0,2560
288,288,T1,0,16400,0,0,0,0,3491,0,0,0,3130,0,0,0,3870,0,0,0,3506,0,0,0,2426
289,289,TF,0,17300,0,0,0,0,3961,0,0,0,3395,0,0,0,4012,0,0,0,3426,0,0,0,2565
289,289,T1,0,16400,0,0,0,0,3495,0,0,0,3134,0,0,0,3874,0,0,0,3510,0,0,0,2432
290,290,TF,0,171400,0,0,0,0,3961,0,0,0,3503,0,0,0,4012,0,0,0,3426,0,0,0,2565
290,290,T1,0,16400,0,0,0,0,3524,0,0,0,3137,0,0,0,3877,0,0,0,3558,0,0,0,2435
291,291,TF,0,171400,0,0,0,0,3964,0,0,0,3506,0,0,0,4015,0,0,0,3430,0,0,0,2571
291,291,T1,0,16400,0,0,0,0,3564,0,0,0,3137,0,0,0,3877,0,0,0,3558,0,0,0,2437
292,292,TF,0,171400,0,0,0,0,3971,0,0,0,3913,0,0,0,4022,0,0,0,3437,0,0,0,2582
292,292,T1,0,16600,0,0,0,0,3611,0,0,0,3144,0,0,0,3884,0,0,0,3565,0,0,0,2448
293,293,TF,0,171400,0,0,0,0,3975,0,0,0,3917,0,0,0,4026,0,0,0,3440,0,0,0,2587
293,293,T1,0,16700,0,0,0,0,3615,0,0,0,3148,0,0,0,3888,0,0,0,3569,0,0,0,2454
294,294,TF,0,171400,0,0,0,0,3978,0,0,0,3520,0,0,0,4029,0,0,0,3444,0,0,0,2593
294,294,T1,0,16700,0,0,0,0,3663,0,0,0,3283,0,0,0,3891,0,0,0,3572,0,0,0,2459
295,295,TF,0,171400,0,0,0,0,3978,0,0,0,3520,0,0,0,4029,0,0,0,3444,0,0,0,2593
295,295,T1,0,16700,0,0,0,0,3663,0,0,0,3283,0,0,0,3891,0,0,0,3572,0,0,0,2459
296,296,TF,0,171400,0,0,0,0,3985,0,0,0,3527,0,0,0,4036,0,0,0,3451,0,0,0,2604
296,296,T1,0,16900,0,0,0,0,3670,0,0,0,3314,0,0,0,3898,0,0,0,3579,0,0,0,2470
300,300,TF,0,171400,0,0,0,0,3999,0,0,0,3697,0,0,0,4050,0,0,0,3465,0,0,0,2626
300,300,T1,0,11200,0,0,0,0,3684,0,0,0,3328,0,0,0,3912,0,0,0,3763,0,0,0,2492
301,301,TF,0,171400,0,0,0,0,4003,0,0,0,3701,0,0,0,4054,0,0,0,3468,0,0,0,2631
301,301,T1,0,171200,0,0,0,0,3688,0,0,0,3332,0,0,0,3916,0,0,0,3767,0,0,0,2498
302,302,TF,0,171400,0,0,0,0,4003,0,0,0,3701,0,0,0,4054,0,0,0,3468,0,0,0,2631
302,302,T1,0,171200,0,0,0,0,3688,0,0,0,3332,0,0,0,3916,0,0,0,3767,0,0,0,2498
303,303,TF,0,171400,0,0,0,0,4006,0,0,0,3704,0,0,0,4057,0,0,0,3472,0,0,0,2637
303,303,T1,0,11200,0,0,0,0,3691,0,0,0,3335,0,0,0,3919,0,0,0,3770,0,0,0,2503
304,304,TF,0,171400,0,0,0,0,4013,0,0,0,3724,0,0,0,4064,0,0,0,3544,0,0,0,2664
304,304,T1,0,11200,0,0,0,0,3698,0,0,0,3342,0,0,0,3926,0,0,0,3862,0,0,0,2514
305,305,TF,0,171400,0,0,0,0,4062,0,0,0,3791,0,0,0,4068,0,0,0,3612,0,0,0,2669
305,305,T1,0,11300,0,0,0,0,3702,0,0,0,3346,0,0,0,3930,0,0,0,3866,0,0,0,2520
306,306,TF,0,171400,0,0,0,0,4065,0,0,0,3795,0,0,0,4071,0,0,0,3616,0,0,0,2675
306,306,T1,0,171400,0,0,0,0,3705,0,0,0,3349,0,0,0,3933,0,0,0,3869,0,0,0,2525
307,307,TF,0,171400,0,0,0,0,4065,0,0,0,3770,0,0,0,4071,0,0,0,3656,0,0,0,2675
307,307,T1,0,171400,0,0,0,0,3705,0,0,0,3349,0,0,0,3933,0,0,0,3869,0,0,0,2525
319,319,TF,0,171400,0,0,0,0,4153,0,0,0,3815,0,0,0,4117,0,0,0,3786,0,0,0,2776
319,319,T1,0,18000,0,0,0,0,4006,0,0,0,3395,0,0,0,4084,0,0,0,3915,0,0,0,2597
320,320,TF,0,171400,0,0,0,0,4153,0,0,0,3815,0,0,0,4117,0,0,0,3786,0,0,0,2776
320,320,T1,0,18000,0,0,0,0,4006,0,0,0,3395,0,0,0,4084,0,0,0,3915,0,0,0,2597
322,322,TF,0,171400,0,0,0,0,4164,0,0,0,3826,0,0,0,4127,0,0,0,3797,0,0,0,2793
322,322,T1,0,18000,0,0,0,0,4016,0,0,0,3405,0,0,0,4094,0,0,0,3925,0,0,0,2613
324,324,TF,0,171400,0,0,0,0,4171,0,0,0,3833,0,0,0,4174,0,0,0,3804,0,0,0,2804
324,324,T1,0,18200,0,0,0,0,4023,0,0,0,3568,0,0,0,4101,0,0,0,3932,0,0,0,2624
325,325,TF,0,171400,0,0,0,0,4174,0,0,0,3836,0,0,0,4178,0,0,0,3807,0,0,0,2809
325,325,T1,0,18200,0,0,0,0,4027,0,0,0,3572,0,0,0,4190,0,0,0,3936,0,0,0,2630
326,326,TF,0,171400,0,0,0,0,4214,0,0,0,3836,0,0,0,4178,0,0,0,3807,0,0,0,2809
326,326,T1,0,18400,0,0,0,0,4027,0,0,0,3572,0,0,0,4190,0,0,0,3936,0,0,0,2630
327,327,TF,0,171400,0,0,0,0,4218,0,0,0,3840,0,0,0,4181,0,0,0,3876,0,0,0,2847
327,327,T1,0,18400,0,0,0,0,4030,0,0,0,3575,0,0,0,4193,0,0,0,3939,0,0,0,2635
328,328,TF,0,171400,0,0,0,0,4310,0,0,0,3847,0,0,0,4188,0,0,0,4028,0,0,0,2931
328,328,T1,0,18400,0,0,0,0,4037,0,0,0,3582,0,0,0,4200,0,0,0,4011,0,0,0,2646
329,329,TF,0,171400,0,0,0,0,4313,0,0,0,3850,0,0,0,4192,0,0,0,4031,0,0,0,2936
329,329,T1,0,18400,0,0,0,0,4041,0,0,0,3586,0,0,0,4204,0,0,0,4015,0,0,0,2652
330,330,TF,0,171400,0,0,0,0,4313,0,0,0,3850,0,0,0,4192,0,0,0,4031,0,0,0,2936
330,330,T1,0,18400,0,0,0,0,4041,0,0,0,3586,0,0,0,4204,0,0,0,4015,0,0,0,2652
331,331,TF,0,171400,0,0,0,0,4317,0,0,0,3854,0,0,0,4195,0,0,0,4035,0,0,0,2942
331,331,T1,0,18400,0,0,0,0,4044,0,0,0,3589,0,0,0,4207,0,0,0,4083,0,0,0,2657
332,332,TF,0,171400,0,0,0,0,4324,0,0,0,3861,0,0,0,4202,0,0,0,4042,0,0,0,2953
332,332,T1,0,18400,0,0,0,0,4051,0,0,0,3596,0,0,0,4214,0,0,0,4170,0,0,0,2668
360,360,TF,0,171400,0,0,0,0,4662,0,0,0,4522,0,0,0,437,0,0,0,4140,0,0,0,3120
360,360,T1,0,19800,0,0,0,0,4274,0,0,0,3902,0,0,0,4402,0,0,0,4328,0,0,0,2912
361,361,TF,0,171400,0,0,0,0,4665,0,0,0,4525,0,0,0,4405,0,0,0,4143,0,0,0,3125
361,361,T1,0,19800,0,0,0,0,4278,0,0,0,3906,0,0,0,4406,0,0,0,4332,0,0,0,2918
362,362,TF,0,171400,0,0,0,0,4740,0,0,0,4709,0,0,0,4480,0,0,0,4327,0,0,0,3309
362,362,T1,0,19800,0,0,0,0,4278,0,0,0,3906,0,0,0,4406,0,0,0,4332,0,0,0,2918
363,363,TF,0,171400,0,0,0,0,4917,0,0,0,4737,0,0,0,4487,0,0,0,4419,0,0,0,3341
363,363,T1,0,19900,0,0,0,0,4285,0,0,0,3913,0,0,0,4413,0,0,0,4339,0,0,0,2929
364,364,TF,0,171400,0,0,0,0,4921,0,0,0,4816,0,0,0,4490,0,0,0,4478,0,0,0,3373
364,364,T1,0,19900,0,0,0,0,4288,0,0,0,3916,0,0,0,4416,0,0,0,4342,0,0,0,2934
365,365,TF,0,171400,0,0,0,0,4921,0,0,0,4816,0,0,0,4530,0,0,0,4478,0,0,0,3373
365,365,T1,0,19900,0,0,0,0,4292,0,0,0,3920,0,0,0,4420,0,0,0,4346,0,0,0,2938
367,367,TF,1,171400,0,0,0,0,4928,0,0,0,4823,0,0,0,4537,0,0,0,4485,0,0,0,3384
367,367,T1,0,19900,0,0,0,0,4295,0,0,0,3923,0,0,0,4463,0,0,0,4349,0,0,0,2945
370,370,TF,1,171400,0,0,0,0,5023,0,0,0,4905,0,0,0,4678,0,0,0,4496,0,0,0,3400
370,370,T1,0,20300,0,0,0,0,4306,0,0,0,3934,0,0,0,4604,0,0,0,4501,0,0,0,2962
371,371,TF,1,171400,0,0,0,0,9030,0,0,0,9002,0,0,0,4685,0,0,0,4503,0,0,0,3441
371,371,T1,0,20300,0,0,0,0,4313,0,0,0,3941,0,0,0,4627,0,0,0,4508,0,0,0,2973
376,376,TF,1,171400,0,0,0,0,9198,0,0,0,9020,0,0,0,4787,0,0,0,4520,0,0,0,3469
376,376,T1,0,20500,0,0,0,0,4330,0,0,0,3958,0,0,0,4644,0,0,0,4650,0,0,0,3000
377,377,TF,1,171400,0,0,0,0,9451,0,0,0,5098,0,0,0,4866,0,0,0,4599,0,0,0,3549
377,377,T1,0,20600,0,0,0,0,4334,0,0,0,3962,0,0,0,4648,0,0,0,4654,0,0,0,3006
378,378,TF,2,171400,0,0,0,0,9455,0,0,0,9102,0,0,0,4869,0,0,0,4602,0,0,0,3555
378,378,T1,0,20600,0,0,0,0,4337,0,0,0,3965,0,0,0,4736,0,0,0,4657,0,0,0,3011
379,379,TF,2,171400,0,0,0,0,9455,0,0,0,3102,0,0,0,4869,0,0,0,4602,0,0,0,3555
379,379,T1,0,20600,0,0,0,0,4337,0,0,0,3965,0,0,0,4736,0,0,0,4657,0,0,0,3011
381,381,TF,2,171400,0,0,0,0,3465,0,0,0,9112,0,0,0,4880,0,0,0,4613,0,0,0,3571
381,381,T1,0,20700,0,0,0,0,4348,0,0,0,3976,0,0,0,4777,0,0,0,4668,0,0,0,3028
382,382,TF,2,171400,0,0,0,0,3469,0,0,0,9116,0,0,0,4883,0,0,0,4616,0,0,0,3977
382,382,T1,0,20800,0,0,0,0,4351,0,0,0,3979,0,0,0,4795,0,0,0,4671,0,0,0,3033
383,383,TF,2,171400,0,0,0,0,5499,0,0,0,9212,0,0,0,4883,0,0,0,4616,0,0,0,3577
383,383,T1,0,20800,0,0,0,0,4351,0,0,0,3979,0,0,0,4795,0,0,0,4671,0,0,0,3033
384,384,TF,2,237100,0,0,0,0,5502,0,0,0,9227,0,0,0,4887,0,0,0,4620,0,0,0,3582
384,384,T1,0,20800,0,0,0,0,4355,0,0,0,3983,0,0,0,4799,0,0,0,4675,0,0,0,3039
385,385,TF,2,237100,0,0,0,0,3509,0,0,0,3234,0,0,0,4894,0,0,0,4627,0,0,0,3593
385,385,T1,0,20900,0,0,0,0,4362,0,0,0,3990,0,0,0,4806,0,0,0,4682,0,0,0,3050
386,386,TF,2,237100,0,0,0,0,9513,0,0,0,9238,0,0,0,4897,0,0,0,4630,0,0,0,3599
386,386,T1,0,20900,0,0,0,0,4365,0,0,0,3993,0,0,0,4809,0,0,0,4685,0,0,0,3055
387,387,TF,2,237100,0,0,0,0,5513,0,0,0,5238,0,0,0,4897,0,0,0,4630,0,0,0,3599
387,387,T1,0,20900,0,0,0,0,4385,0,0,0,4017,0,0,0,4809,0,0,0,4685,0,0,0,3055
